"","Species","intercept","intercept_pval","intercept_se","slope","slope_pval","slope_se","seeds_C","seeds_C_se","seeds_D","seeds_D_se","viability_C","viability_C_se","viability_D","viability_D_se"
"total.biomass.g","ACAM",0,NA,NA,34.9341448598145,1.37169284877885e-28,1.12661922472175,1.66666666666667,0.232310684145723,0.916666666666667,0.204609577891846,NA,NA,NA,NA
"inflor.g","BRHO",0,NA,NA,951.729666331095,8.31264750244374e-34,22.1745076439193,NA,NA,NA,NA,NA,NA,NA,NA
"total.biomass.g1","GITR",0,NA,NA,55.5053882952008,7.244028787346e-21,2.94738528254419,11.640625,0.866675370064601,8.70175438594737,0.541875270577127,NA,NA,NA,NA
"allo.total.biomass.g","LOMU",0,NA,NA,192.008603986539,1.65016370299185e-26,7.06320234854006,NA,NA,NA,NA,NA,NA,NA,NA
"1","PLER",0,NA,NA,346.885451313983,8.98062059606396e-35,7.61398610752524,NA,NA,NA,NA,NA,NA,NA,NA
"total.biomass.g2","TACA",0,NA,NA,59.8254928319846,1.84926615420294e-31,1.61226968827898,NA,NA,NA,NA,NA,NA,NA,NA
"total.biomass.g3","THIR",0,NA,NA,104.636615889331,1.3104627350218e-22,4.95064873083535,1,NA,1,NA,0.7427219619,0.0321509886516353,0.7427219619,0.0321509886516353
"total.biomass.g4","TWIL",0,NA,NA,235.991361517292,1.48959176505046e-33,6.42547672213439,1.67647058823529,0.0768142477186676,1.67647058823529,0.0768142477186676,0.546454100216,0.0360705466807671,0.546454100216,0.0360705466807671
